,accuracy,precision,recall,f1_score,tempo_segundos
XGBoost,0.9364152729567687,0.9221824686940966,0.7654046028210839,0.8365111561866125,2.53
LightGBM,0.9370463868728306,0.9348623853211009,0.7564959168522642,0.8362741075092327,11.77
GradientBoosting,0.9373619438308615,0.9666011787819253,0.7305122494432071,0.8321353065539112,4.07
RandomForest,0.9349952666456295,0.9755849440488301,0.7119524870081663,0.8231759656652361,1.77
LogisticRegression,0.8605238245503314,0.7465388711395101,0.520415738678545,0.6132983377077865,0.69
SGDClassifier,0.8531082360366046,0.6984732824427481,0.5434298440979956,0.6112734864300626,0.57
